Timestamp,User Count,Type,Name,Requests/s,Failures/s,50%,60%,70%,80%,90%,95%,99%,100%,Total Request Count,Total Failure Count,Total Median Response Time,Total Average Response Time,Total Min Response Time,Total Max Response Time,Total Average Content Size
1738153354,0,,Aggregated,0.000000,0.000000,N/A,N/A,N/A,N/A,N/A,N/A,N/A,N/A,0,0,0,0.0,0,0,0
1738153359,75,grpc,/company.v1.UserService/GetUsers,0.000000,0.000000,54,55,55,57,68,95,95,95,17,0,55,64.73364676458004,48.861425999348285,129.14489499962656,80462.05882352941
1738153359,75,grpc,/company.v1.UserService/GetUserStatistics,5.333333,0.000000,12,12,13,15,23,72,77,77,51,0,12,16.31836666652531,9.693326999695273,77.46099600080925,1111.3529411764705
1738153359,75,grpc,/company.v1.UserService/GetUserPermissions,0.000000,0.000000,0,0,0,0,0,0,0,0,1,0,13.891456001147162,13.891456001147162,13.891456001147162,13.891456001147162,1893.0
1738153359,75,grpc,/company.v1.UserService/GetUserDetails,15.000000,0.000000,72,87,100,100,130,130,150,150,75,0,87,83.11355376002514,25.301613999545225,145.67076900129905,260.56
1738153359,75,,Aggregated,20.333333,0.000000,49,55,67,88,100,130,140,150,144,0,52,56.80636585412281,9.693326999695273,145.67076900129905,10041.451388888889
1738153364,150,grpc,/company.v1.UserService/GetUsers,7.500000,0.000000,55,57,60,64,68,81,95,95,94,0,55,59.84247545736852,47.078846999283996,129.14489499962656,80498.64893617021
1738153364,150,grpc,/company.v1.UserService/GetUserStatistics,11.625000,0.000000,12,12,13,15,23,42,77,92,129,0,12,15.917574868200422,9.693326999695273,91.62212499904854,1109.8992248062016
1738153364,150,grpc,/company.v1.UserService/GetUserPermissions,4.750000,0.000000,12,13,15,17,28,40,93,94,103,0,12,16.705997873623787,5.746284999986528,93.7487589999364,1598.4368932038835
1738153364,150,grpc,/company.v1.UserService/GetUserDetails,15.000000,0.000000,89,98,100,130,150,170,200,200,151,0,92,93.64523947681165,9.209113000906655,200.72093599992513,260.8476821192053
1738153364,150,,Aggregated,38.875000,0.000000,43,53,60,78,100,130,190,200,477,0,45,49.34949432488953,5.746284999986528,200.72093599992513,16591.35639412998
1738153369,225,grpc,/company.v1.UserService/GetUsers,14.000000,0.000000,57,58,60,64,73,82,92,96,174,0,57,59.657971384956326,47.078846999283996,129.14489499962656,80499.07471264368
1738153369,225,grpc,/company.v1.UserService/GetUserStatistics,15.700000,0.000000,11,12,13,15,27,49,92,120,221,0,11,16.256708049728513,9.367554999698768,120.55455799963966,1109.7420814479638
1738153369,225,grpc,/company.v1.UserService/GetUserPermissions,22.400000,0.000000,12,13,14,16,26,66,98,110,326,0,12,17.237109177875954,5.3151070005696965,110.2133340009459,1622.9447852760736
1738153369,225,grpc,/company.v1.UserService/GetUserDetails,16.700000,0.000000,94,100,110,120,130,160,170,170,279,0,90,83.02131572764995,7.283758999619749,200.72093599992513,262.1899641577061
1738153369,225,,Aggregated,68.800000,0.000000,14,27,54,68,100,120,160,170,1000,0,16,42.7554641799743,5.3151070005696965,200.72093599992513,14854.323
1738153374,300,grpc,/company.v1.UserService/GetUsers,18.200000,0.000000,57,59,62,67,77,85,100,110,307,0,57,60.44546424755174,44.62478700042993,129.14489499962656,80499.54071661238
1738153374,300,grpc,/company.v1.UserService/GetUserStatistics,20.700000,0.000000,12,13,14,19,31,63,92,110,365,0,12,17.49061538897852,9.367554999698768,120.55455799963966,1109.9287671232876
1738153374,300,grpc,/company.v1.UserService/GetUserPermissions,42.800000,0.000000,13,14,15,19,38,66,99,110,592,0,12,18.235253285426452,4.876152999713668,110.2133340009459,1625.4831081081081
1738153374,300,grpc,/company.v1.UserService/GetUserDetails,23.600000,0.000000,69,89,100,110,120,130,150,150,425,0,85,75.57819214826262,7.283758999619749,200.72093599992513,260.5435294117647
1738153374,300,,Aggregated,105.300000,0.000000,15,24,53,63,92,110,130,150,1689,0,16,40.17574526285353,4.876152999713668,200.72093599992513,15507.104795737123
1738153379,375,grpc,/company.v1.UserService/GetUsers,24.900000,0.000000,59,63,68,77,98,110,170,190,454,0,58,64.33947183919645,44.62478700042993,192.28438299978734,80501.53744493391
1738153379,375,grpc,/company.v1.UserService/GetUserStatistics,27.500000,0.000000,13,14,18,25,50,92,250,260,525,0,12,21.549615411391382,9.367554999698768,260.15439399998286,1109.855238095238
1738153379,375,grpc,/company.v1.UserService/GetUserPermissions,58.900000,0.000000,14,15,18,26,42,59,130,260,1008,0,13,20.385955148788252,4.876152999713668,256.5386040005251,1647.610119047619
1738153379,375,grpc,/company.v1.UserService/GetUserDetails,30.300000,0.000000,48,73,99,110,140,180,280,280,600,0,78,74.21098608502992,7.283758999619749,281.27208200021414,260.16333333333336
1738153379,375,,Aggregated,141.600000,0.000000,17,27,51,62,96,120,260,280,2587,0,17,40.81921250366145,4.876152999713668,281.27208200021414,15054.990722844994
1738153384,450,grpc,/company.v1.UserService/GetUsers,30.800000,0.000000,65,70,75,85,100,130,160,190,640,0,60,66.51130971871169,44.62478700042993,192.28438299978734,80497.4640625
1738153384,450,grpc,/company.v1.UserService/GetUserStatistics,33.300000,0.000000,15,17,20,29,57,100,250,260,726,0,13,22.54432656472023,9.367554999698768,260.15439399998286,1109.831955922865
1738153384,450,grpc,/company.v1.UserService/GetUserPermissions,79.200000,0.000000,15,17,22,31,58,89,160,260,1464,0,14,22.750729336052533,4.876152999713668,256.5386040005251,1644.1632513661202
1738153384,450,grpc,/company.v1.UserService/GetUserDetails,36.000000,0.000000,27,62,89,110,150,180,280,280,814,0,67,69.86469086980763,7.283758999619749,281.27208200021414,259.6867321867322
1738153384,450,,Aggregated,179.300000,0.000000,20,30,54,68,99,130,250,280,3644,0,18,40.91968864488661,4.876152999713668,281.27208200021414,15077.539791437981
1738153389,500,grpc,/company.v1.UserService/GetUsers,38.200000,0.000000,68,73,78,87,98,110,130,310,876,0,61,68.36539286071344,44.62478700042993,314.0522539997619,80500.95319634704
1738153389,500,grpc,/company.v1.UserService/GetUserStatistics,41.500000,0.000000,17,19,22,30,47,68,120,150,951,0,14,22.765759682419922,9.367554999698768,260.15439399998286,1109.7981072555206
1738153389,500,grpc,/company.v1.UserService/GetUserPermissions,95.000000,0.000000,17,20,25,34,52,67,99,150,2047,0,14,23.10965848750921,4.876152999713668,256.5386040005251,1649.2427943331704
1738153389,500,grpc,/company.v1.UserService/GetUserDetails,43.200000,0.000000,21,34,64,89,110,140,160,180,1017,0,50,63.28202058311131,7.283758999619749,281.27208200021414,259.7944936086529
1738153389,500,,Aggregated,217.900000,0.000000,22,31,51,64,84,100,150,310,4891,0,20,39.50145317131916,4.876152999713668,314.0522539997619,15378.136168472705
1738153394,500,grpc,/company.v1.UserService/GetUsers,42.400000,0.000000,65,70,75,82,90,99,120,130,1051,0,62,68.30718223975902,44.62478700042993,314.0522539997619,80497.86108468125
1738153394,500,grpc,/company.v1.UserService/GetUserStatistics,41.500000,0.000000,16,18,20,23,33,41,75,93,1133,0,14,21.943490693712818,9.367554999698768,260.15439399998286,1109.7802294792587
1738153394,500,grpc,/company.v1.UserService/GetUserPermissions,119.100000,0.000000,15,17,21,26,38,49,81,100,2727,0,15,21.823752038477203,4.876152999713668,256.5386040005251,1645.2702603593693
1738153394,500,grpc,/company.v1.UserService/GetUserDetails,40.700000,0.000000,14,17,21,29,45,83,120,140,1226,0,27,55.16106137848298,7.283758999619749,281.27208200021414,259.5774877650897
1738153394,500,,Aggregated,243.700000,0.000000,17,22,30,51,67,81,100,140,6137,0,18,36.466295673604584,4.876152999713668,314.0522539997619,14773.590842431155
1738153399,500,grpc,/company.v1.UserService/GetUsers,39.000000,0.000000,65,67,72,78,88,95,130,150,1270,0,63,68.53951826771778,44.62478700042993,314.0522539997619,80499.45433070866
1738153399,500,grpc,/company.v1.UserService/GetUserStatistics,39.700000,0.000000,15,17,19,23,30,39,73,91,1372,0,14,21.5156783381647,9.314033999544336,260.15439399998286,1109.7237609329445
1738153399,500,grpc,/company.v1.UserService/GetUserPermissions,126.700000,0.000000,15,16,19,24,34,47,67,100,3272,0,15,21.613180212386546,4.804023999895435,256.5386040005251,1638.783924205379
1738153399,500,grpc,/company.v1.UserService/GetUserDetails,42.500000,0.000000,13,15,18,21,31,40,79,230,1448,0,21,49.6836627106575,7.283758999619749,281.27208200021414,259.7589779005525
1738153399,500,,Aggregated,247.900000,0.000000,16,19,25,44,63,74,95,230,7362,0,18,35.21121544959586,4.804023999895435,314.0522539997619,14873.007334963326
1738153404,500,grpc,/company.v1.UserService/GetUsers,42.500000,0.000000,63,67,71,80,95,110,170,180,1472,0,63,68.6234532880393,44.62478700042993,314.0522539997619,80499.23369565218
1738153404,500,grpc,/company.v1.UserService/GetUserStatistics,42.300000,0.000000,15,17,20,27,39,49,78,91,1544,0,14,21.36325584322648,9.204862999467878,260.15439399998286,1109.728626943005
1738153404,500,grpc,/company.v1.UserService/GetUserPermissions,119.000000,0.000000,15,18,22,30,44,59,92,140,3952,0,15,21.789985608789014,4.804023999895435,256.5386040005251,1643.047064777328
1738153404,500,grpc,/company.v1.UserService/GetUserDetails,41.300000,0.000000,13,15,18,23,34,51,81,230,1618,0,19,46.28917350928712,7.283758999619749,281.27208200021414,259.70086526576017
1738153404,500,,Aggregated,245.100000,0.000000,17,22,32,52,66,80,120,230,8586,0,18,34.35924716118047,4.804023999895435,314.0522539997619,14805.70824598183
1738153409,500,grpc,/company.v1.UserService/GetUsers,40.300000,0.000000,71,83,110,170,400,460,650,670,1663,0,64,82.94784837040183,44.62478700042993,671.2514159989951,80498.34275405893
1738153409,500,grpc,/company.v1.UserService/GetUserStatistics,40.000000,0.000000,18,23,36,73,320,420,460,480,1749,0,14,31.7571009296374,9.204862999467878,479.1344069999468,1109.7518582046885
1738153409,500,grpc,/company.v1.UserService/GetUserPermissions,123.900000,0.000000,21,30,45,86,270,410,470,530,4490,0,15,34.96049627415184,4.804023999895435,534.5706170010089,1647.6461024498885
1738153409,500,grpc,/company.v1.UserService/GetUserDetails,37.200000,0.000000,18,23,36,93,350,430,470,490,1855,0,20,56.73452429651083,7.283758999619749,485.1124840006378,259.6032345013477
1738153409,500,,Aggregated,241.400000,0.000000,26,45,64,100,320,430,480,670,9757,0,19,46.704992539395654,4.804023999895435,671.2514159989951,14726.78026032592
1738153414,500,grpc,/company.v1.UserService/GetUsers,39.000000,0.000000,82,92,110,160,360,460,650,670,1890,0,65,82.67488720950657,44.62478700042993,671.2514159989951,80499.33492063492
1738153414,500,grpc,/company.v1.UserService/GetUserStatistics,41.200000,0.000000,18,21,31,56,300,390,460,480,1957,0,15,30.533034570732386,9.204862999467878,479.1344069999468,1109.7450178845172
1738153414,500,grpc,/company.v1.UserService/GetUserPermissions,117.000000,0.000000,28,40,59,93,310,420,470,530,5098,0,16,34.46616737660229,4.35378799920727,534.5706170010089,1647.681247548058
1738153414,500,grpc,/company.v1.UserService/GetUserDetails,41.100000,0.000000,18,26,44,170,370,430,470,490,2025,0,18,53.5953476755615,7.283758999619749,485.1124840006378,259.66716049382717
1738153414,500,,Aggregated,238.300000,0.000000,34,55,73,110,330,430,480,670,10970,0,19,45.60143899816054,4.35378799920727,671.2514159989951,14880.69453053783
1738153419,500,grpc,/company.v1.UserService/GetUsers,41.700000,0.000000,67,70,77,84,98,110,160,340,2063,0,64,80.96067747744667,44.62478700042993,671.2514159989951,80498.09743092583
1738153419,500,grpc,/company.v1.UserService/GetUserStatistics,39.700000,0.000000,14,15,18,21,30,41,64,110,2142,0,14,29.200686807160498,9.204862999467878,479.1344069999468,1109.6830065359477
1738153419,500,grpc,/company.v1.UserService/GetUserPermissions,122.300000,0.000000,18,21,26,34,49,63,110,190,5752,0,16,32.67335648712498,4.35378799920727,534.5706170010089,1646.0246870653687
1738153419,500,grpc,/company.v1.UserService/GetUserDetails,38.600000,0.000000,12,14,17,23,30,43,60,99,2243,0,17,49.793307272851344,7.283758999619749,485.1124840006378,259.6549264378065
1738153419,500,,Aggregated,242.300000,0.000000,18,23,33,53,67,82,120,340,12200,0,19,43.37649864785731,4.35378799920727,671.2514159989951,14630.725901639344
1738153424,500,grpc,/company.v1.UserService/GetUsers,39.300000,0.000000,66,74,82,98,280,410,640,780,2282,0,65,86.86259033215009,44.62478700042993,777.0359380010632,80498.7620508326
1738153424,500,grpc,/company.v1.UserService/GetUserStatistics,40.100000,0.000000,15,18,22,34,190,410,490,510,2380,0,15,35.21192191173511,9.204862999467878,507.85044800068135,1109.6966386554623
1738153424,500,grpc,/company.v1.UserService/GetUserPermissions,122.700000,0.000000,17,22,29,43,180,390,490,540,6291,0,16,38.64561417611475,4.35378799920727,541.9011289995979,1646.9264027976474
1738153424,500,grpc,/company.v1.UserService/GetUserDetails,43.000000,0.000000,13,15,18,24,48,280,490,530,2447,0,17,50.96745238332516,7.283758999619749,528.5414310001215,259.54679199019205
1738153424,500,,Aggregated,245.100000,0.000000,19,26,46,63,170,390,490,780,13400,0,19,48.497143287450115,4.35378799920727,777.0359380010632,14726.505820895522
1738153429,500,grpc,/company.v1.UserService/GetUsers,42.300000,0.000000,71,79,89,110,210,410,640,780,2483,0,65,85.85203308336172,44.62478700042993,777.0359380010632,80498.61175996778
1738153429,500,grpc,/company.v1.UserService/GetUserStatistics,42.300000,0.000000,18,21,27,46,270,420,490,510,2549,0,14,34.14989845936912,9.204862999467878,507.85044800068135,1109.695959199686
1738153429,500,grpc,/company.v1.UserService/GetUserPermissions,117.900000,0.000000,19,24,35,52,160,390,490,540,6975,0,16,37.03799092342991,4.35378799920727,541.9011289995979,1643.8053046594982
1738153429,500,grpc,/company.v1.UserService/GetUserDetails,40.800000,0.000000,14,16,20,29,65,320,490,530,2642,0,16,48.446708682810915,7.283758999619749,528.5414310001215,259.666161998486
1738153429,500,,Aggregated,243.300000,0.000000,22,34,54,71,170,390,490,780,14649,0,19,46.86701347189768,4.35378799920727,777.0359380010632,14667.093180421873
1738153434,500,grpc,/company.v1.UserService/GetUsers,38.900000,0.000000,67,76,84,100,140,170,410,580,2683,0,66,87.18025698248059,44.62478700042993,777.0359380010632,80498.52925829295
1738153434,500,grpc,/company.v1.UserService/GetUserStatistics,38.900000,0.000000,16,19,25,39,66,110,160,300,2776,0,15,34.40058374997374,9.204862999467878,507.85044800068135,1109.671469740634
1738153434,500,grpc,/company.v1.UserService/GetUserPermissions,124.500000,0.000000,20,25,37,52,83,120,210,320,7523,0,17,38.148333045451196,4.35378799920727,541.9011289995979,1643.505915193407
1738153434,500,grpc,/company.v1.UserService/GetUserDetails,38.700000,0.000000,14,17,23,34,71,110,200,270,2871,0,16,47.66022341831949,7.283758999619749,528.5414310001215,259.71438523162664
1738153434,500,,Aggregated,241.000000,0.000000,22,32,51,65,93,130,210,580,15853,0,20,47.51296668825124,4.35378799920727,777.0359380010632,14645.034819907904
1738153439,500,grpc,/company.v1.UserService/GetUsers,40.600000,0.000000,67,70,77,90,130,160,380,580,2903,0,65,85.49232223974171,44.62478700042993,777.0359380010632,80498.76438167413
1738153439,500,grpc,/company.v1.UserService/GetUserStatistics,41.600000,0.000000,15,18,21,31,56,100,160,300,2976,0,15,33.23010115958926,9.20280299942533,507.85044800068135,1109.7059811827958
1738153439,500,grpc,/company.v1.UserService/GetUserPermissions,119.100000,0.000000,18,22,29,42,80,110,210,320,8174,0,16,36.54867186370318,4.35378799920727,541.9011289995979,1643.158184487399
1738153439,500,grpc,/company.v1.UserService/GetUserDetails,42.800000,0.000000,13,17,21,32,71,110,200,270,3046,0,16,45.83024495928427,7.166891000451869,528.5414310001215,259.66316480630337
1738153439,500,,Aggregated,244.100000,0.000000,20,28,49,63,88,120,210,580,17099,0,19,45.93395885565212,4.35378799920727,777.0359380010632,14691.64904380373
1738153444,500,grpc,/company.v1.UserService/GetUsers,42.700000,0.000000,60,63,67,72,80,90,130,150,3086,0,65,84.14235226117354,44.62478700042993,777.0359380010632,80498.51231367466
1738153444,500,grpc,/company.v1.UserService/GetUserStatistics,39.300000,0.000000,14,15,17,20,27,35,62,94,3178,0,15,32.20476660728178,9.178783000606927,507.85044800068135,1109.671806167401
1738153444,500,grpc,/company.v1.UserService/GetUserPermissions,126.400000,0.000000,14,15,18,22,30,39,71,220,8805,0,16,35.19372574093531,4.35378799920727,541.9011289995979,1645.5633162975582
1738153444,500,grpc,/company.v1.UserService/GetUserDetails,39.700000,0.000000,11,13,14,17,24,43,66,88,3273,0,15,43.685501893061286,7.166891000451869,528.5414310001215,259.59945004582954
1738153444,500,,Aggregated,248.100000,0.000000,15,17,23,40,59,69,91,220,18342,0,19,44.42664105336632,4.35378799920727,777.0359380010632,14572.227674190382
1738153449,500,grpc,/company.v1.UserService/GetUsers,39.300000,0.000000,65,70,75,83,98,100,140,150,3316,0,65,83.52874275300799,44.62478700042993,777.0359380010632,80499.01628468034
1738153449,500,grpc,/company.v1.UserService/GetUserStatistics,41.700000,0.000000,15,16,19,26,37,50,66,94,3403,0,15,31.5308780276037,8.781418000580743,507.85044800068135,1109.6943873053187
1738153449,500,grpc,/company.v1.UserService/GetUserPermissions,125.900000,0.000000,15,18,21,27,41,54,75,100,9385,0,16,34.44529970260528,4.35378799920727,541.9011289995979,1646.392967501332
1738153449,500,grpc,/company.v1.UserService/GetUserDetails,41.800000,0.000000,12,13,15,19,32,44,73,88,3471,0,15,42.251821669831465,7.166891000451869,528.5414310001215,259.56410256410254
1738153449,500,,Aggregated,248.700000,0.000000,16,21,29,51,66,78,100,150,19575,0,19,43.63760406752708,4.35378799920727,777.0359380010632,14664.795555555556
1738153454,500,grpc,/company.v1.UserService/GetUsers,42.200000,0.000000,68,72,77,84,96,100,150,170,3498,0,65,82.82878831560485,44.62478700042993,777.0359380010632,80499.03316180674
1738153454,500,grpc,/company.v1.UserService/GetUserStatistics,42.800000,0.000000,14,16,19,27,41,50,63,250,3571,0,15,30.929597481638794,8.781418000580743,507.85044800068135,1109.6832819938393
1738153454,500,grpc,/company.v1.UserService/GetUserPermissions,122.000000,0.000000,15,17,21,27,38,47,70,110,10064,0,16,33.34428903119581,4.35378799920727,541.9011289995979,1646.4491255961843
1738153454,500,grpc,/company.v1.UserService/GetUserDetails,40.800000,0.000000,13,14,16,24,35,42,80,110,3665,0,15,40.958064491673326,7.166891000451869,528.5414310001215,259.5549795361528
1738153454,500,,Aggregated,247.800000,0.000000,16,21,31,50,66,79,100,250,20798,0,19,42.59414007629844,4.35378799920727,777.0359380010632,14572.046831426098
1738153459,500,grpc,/company.v1.UserService/GetUsers,39.400000,0.000000,63,67,73,81,99,120,160,180,3721,0,65,82.26438660574631,44.291340998825035,777.0359380010632,80498.67616232195
1738153459,500,grpc,/company.v1.UserService/GetUserStatistics,39.800000,0.000000,14,16,20,26,38,48,90,110,3818,0,15,30.367966532983914,8.781418000580743,507.85044800068135,1109.6744368779466
1738153459,500,grpc,/company.v1.UserService/GetUserPermissions,123.900000,0.000000,14,16,19,25,37,52,96,150,10616,0,16,32.85343275555293,4.35378799920727,541.9011289995979,1646.3770723436323
1738153459,500,grpc,/company.v1.UserService/GetUserDetails,42.100000,0.000000,12,14,16,23,32,41,84,98,3887,0,15,39.748200780288684,7.031705001281807,528.5414310001215,259.62490352456905
1738153459,500,,Aggregated,245.200000,0.000000,15,19,28,48,65,79,120,180,22042,0,19,41.9800370814284,4.35378799920727,777.0359380010632,14620.243716541148
1738153464,500,grpc,/company.v1.UserService/GetUsers,41.600000,0.000000,69,77,87,120,180,320,730,940,3918,0,65,85.0412750515507,43.92908400041051,940.6747720004205,80499.25727411945
1738153464,500,grpc,/company.v1.UserService/GetUserStatistics,42.000000,0.000000,18,22,31,46,150,290,370,410,3992,0,15,32.81843133364912,8.781418000580743,507.85044800068135,1109.6735971943888
1738153464,500,grpc,/company.v1.UserService/GetUserPermissions,120.100000,0.000000,19,25,37,69,220,340,410,480,11260,0,16,36.09962474324504,4.35378799920727,541.9011289995979,1646.4880994671403
1738153464,500,grpc,/company.v1.UserService/GetUserDetails,41.200000,0.000000,14,19,26,39,90,270,400,430,4073,0,15,40.93290119027404,7.031705001281807,528.5414310001215,259.60986987478515
1738153464,500,,Aggregated,244.900000,0.000000,24,36,56,78,200,320,410,940,23243,0,19,44.632980884258764,4.35378799920727,940.6747720004205,14603.224798864174
1738153469,500,grpc,/company.v1.UserService/GetUsers,41.600000,0.000000,66,73,83,100,220,330,730,940,4111,0,65,84.21949726294537,43.92908400041051,940.6747720004205,80498.79810265142
1738153469,500,grpc,/company.v1.UserService/GetUserStatistics,38.600000,0.000000,14,15,19,37,210,310,370,410,4192,0,15,31.996421629747374,8.618805000878638,507.85044800068135,1109.6846374045801
1738153469,500,grpc,/company.v1.UserService/GetUserPermissions,123.000000,0.000000,18,23,32,54,220,330,410,480,11879,0,16,35.317721139150976,4.35378799920727,541.9011289995979,1645.4337907231247
1738153469,500,grpc,/company.v1.UserService/GetUserDetails,38.100000,0.000000,12,14,17,28,77,260,400,430,4292,0,14,39.5514557965954,7.014558001174009,528.5414310001215,259.57851817334574
1738153469,500,,Aggregated,241.300000,0.000000,18,28,50,70,200,320,410,940,24474,0,19,43.70554099905323,4.35378799920727,940.6747720004205,14555.960447822179
1738153474,500,grpc,/company.v1.UserService/GetUsers,39.600000,0.000000,60,62,66,73,82,96,120,130,4337,0,65,83.05046120473692,43.92908400041051,940.6747720004205,80498.74706017984
1738153474,500,grpc,/company.v1.UserService/GetUserStatistics,41.300000,0.000000,13,14,16,19,26,32,43,62,4419,0,15,31.167309646503394,8.618805000878638,507.85044800068135,1109.6911065852003
1738153474,500,grpc,/company.v1.UserService/GetUserPermissions,121.700000,0.000000,14,16,19,24,32,43,75,230,12466,0,16,34.44413319669398,4.35378799920727,541.9011289995979,1645.4864431253009
1738153474,500,grpc,/company.v1.UserService/GetUserDetails,42.600000,0.000000,11,12,14,17,24,33,53,79,4490,0,14,38.45222103362425,7.014558001174009,528.5414310001215,259.5608017817372
1738153474,500,,Aggregated,245.200000,0.000000,15,18,24,42,60,69,97,230,25712,0,18,42.779605960010805,4.35378799920727,940.6747720004205,14612.0431316117
1738153479,500,grpc,/company.v1.UserService/GetUsers,42.900000,0.000000,60,63,65,71,81,88,100,120,4529,0,65,82.21382582312724,43.92908400041051,940.6747720004205,80498.77942150585
1738153479,500,grpc,/company.v1.UserService/GetUserStatistics,42.700000,0.000000,13,15,17,20,28,34,53,59,4605,0,14,30.59687239477251,8.618805000878638,507.85044800068135,1109.6768729641694
1738153479,500,grpc,/company.v1.UserService/GetUserPermissions,123.500000,0.000000,14,15,17,21,29,35,54,220,13129,0,16,33.54591186388984,4.35378799920727,541.9011289995979,1645.678421814304
1738153479,500,grpc,/company.v1.UserService/GetUserDetails,41.300000,0.000000,11,12,14,18,26,36,55,80,4703,0,14,37.40052627449889,7.014558001174009,528.5414310001215,259.62640867531366
1738153479,500,,Aggregated,250.400000,0.000000,15,17,23,38,58,66,86,220,26966,0,18,41.88845088114082,4.35378799920727,940.6747720004205,14555.965623377586
1738153484,500,grpc,/company.v1.UserService/GetUsers,40.300000,0.000000,60,63,67,72,85,94,110,130,4742,0,64,81.39757410437993,41.72860499966191,940.6747720004205,80499.18747363982
1738153484,500,grpc,/company.v1.UserService/GetUserStatistics,40.300000,0.000000,12,14,16,19,26,35,56,71,4833,0,14,29.88072736497393,8.481065000523813,507.85044800068135,1109.6790813159528
1738153484,500,grpc,/company.v1.UserService/GetUserPermissions,125.100000,0.000000,13,15,17,21,29,36,53,220,13710,0,16,32.84219711553466,4.35378799920727,541.9011289995979,1646.470021881838
1738153484,500,grpc,/company.v1.UserService/GetUserDetails,41.100000,0.000000,11,12,14,16,26,34,55,80,4919,0,14,36.35739782027942,6.957817000511568,528.5414310001215,259.5671884529376
1738153484,500,,Aggregated,246.800000,0.000000,14,17,22,37,57,67,92,220,28204,0,18,41.11152368776822,4.35378799920727,940.6747720004205,14570.278719330592
1738153489,500,grpc,/company.v1.UserService/GetUsers,41.800000,0.000000,60,64,67,73,81,93,110,130,4961,0,64,80.5718792926765,41.72860499966191,940.6747720004205,80498.87724249144
1738153489,500,grpc,/company.v1.UserService/GetUserStatistics,41.900000,0.000000,13,14,16,19,27,35,53,220,5039,0,14,29.362121866428453,8.481065000523813,507.85044800068135,1109.678309188331
1738153489,500,grpc,/company.v1.UserService/GetUserPermissions,122.800000,0.000000,14,16,18,23,31,39,52,83,14349,0,16,32.16200495177157,4.35378799920727,541.9011289995979,1646.1993867168444
1738153489,500,grpc,/company.v1.UserService/GetUserDetails,42.900000,0.000000,11,12,15,17,26,31,44,56,5104,0,13,35.55944166123697,6.957817000511568,528.5414310001215,259.6195141065831
1738153489,500,,Aggregated,249.400000,0.000000,15,17,24,42,59,68,91,220,29453,0,18,40.42579107553793,4.35378799920727,940.6747720004205,14595.898957661359
1738153494,500,grpc,/company.v1.UserService/GetUsers,42.900000,0.000000,59,62,66,72,80,89,100,110,5154,0,64,79.89693103647271,41.72860499966191,940.6747720004205,80499.19111369809
1738153494,500,grpc,/company.v1.UserService/GetUserStatistics,41.200000,0.000000,12,14,16,18,25,33,52,220,5234,0,14,28.813548403116783,8.481065000523813,507.85044800068135,1109.6933511654565
1738153494,500,grpc,/company.v1.UserService/GetUserPermissions,125.300000,0.000000,13,15,17,22,29,38,50,75,14982,0,15,31.465257118005304,4.35378799920727,541.9011289995979,1645.6832866105995
1738153494,500,grpc,/company.v1.UserService/GetUserDetails,40.500000,0.000000,11,12,14,17,24,31,46,56,5326,0,13,34.641483434648954,6.957817000511568,528.5414310001215,259.6216672925272
1738153494,500,,Aggregated,249.900000,0.000000,14,17,23,37,58,66,85,220,30696,0,17,39.696114080622344,4.35378799920727,940.6747720004205,14553.666210581183
1738153499,500,grpc,/company.v1.UserService/GetUsers,40.200000,0.000000,61,63,67,74,83,91,100,100,5375,0,64,79.28855268929937,41.72860499966191,940.6747720004205,80498.81320930233
1738153499,500,grpc,/company.v1.UserService/GetUserStatistics,41.400000,0.000000,13,14,16,19,28,35,49,60,5460,0,14,28.33208162909934,8.481065000523813,507.85044800068135,1109.6811355311356
1738153499,500,grpc,/company.v1.UserService/GetUserPermissions,124.400000,0.000000,13,15,17,21,29,36,48,230,15582,0,15,30.90598982004516,4.35378799920727,541.9011289995979,1645.8279424977538
1738153499,500,grpc,/company.v1.UserService/GetUserDetails,41.600000,0.000000,11,13,14,17,28,38,54,60,5530,0,13,33.952868907584204,6.957817000511568,528.5414310001215,259.5701627486438
1738153499,500,,Aggregated,247.600000,0.000000,14,17,23,39,59,68,89,230,31947,0,17,39.13374134769295,4.35378799920727,940.6747720004205,14581.04654584155
1738153504,500,grpc,/company.v1.UserService/GetUsers,41.700000,0.000000,66,70,75,81,93,100,150,260,5564,0,64,79.17980640473888,41.72860499966191,940.6747720004205,80498.86736161035
1738153504,500,grpc,/company.v1.UserService/GetUserStatistics,41.100000,0.000000,14,15,18,23,33,43,75,86,5655,0,14,28.066017916512937,8.481065000523813,507.85044800068135,1109.6866489832007
1738153504,500,grpc,/company.v1.UserService/GetUserPermissions,124.300000,0.000000,15,17,20,25,35,43,71,230,16235,0,15,30.506851567227496,4.35378799920727,541.9011289995979,1645.4060979365568
1738153504,500,grpc,/company.v1.UserService/GetUserDetails,41.200000,0.000000,13,14,17,22,34,46,60,79,5740,0,13,33.36734165382657,6.957817000511568,528.5414310001215,259.5975609756098
1738153504,500,,Aggregated,248.300000,0.000000,16,20,27,45,64,76,100,260,33194,0,17,38.74426253060039,4.35378799920727,940.6747720004205,14531.970657347714
1738153509,500,grpc,/company.v1.UserService/GetUsers,41.100000,0.000000,73,78,86,95,120,130,180,290,5770,0,64,79.27298095545203,41.72860499966191,940.6747720004205,80499.29740034662
1738153509,500,grpc,/company.v1.UserService/GetUserStatistics,40.600000,0.000000,15,17,21,28,41,58,83,87,5872,0,14,27.811285154438046,8.481065000523813,507.85044800068135,1109.666553133515
1738153509,500,grpc,/company.v1.UserService/GetUserPermissions,123.600000,0.000000,17,20,24,32,46,60,83,120,16814,0,15,30.31240468716189,4.35378799920727,541.9011289995979,1646.2816105626264
1738153509,500,grpc,/company.v1.UserService/GetUserDetails,40.700000,0.000000,14,17,20,26,42,53,94,110,5956,0,13,32.94732379197262,6.957817000511568,528.5414310001215,259.5525520483546
1738153509,500,,Aggregated,246.000000,0.000000,18,24,35,53,73,88,120,290,34412,0,17,38.551086814330596,4.35378799920727,940.6747720004205,14536.306579100314
1738153514,500,grpc,/company.v1.UserService/GetUsers,40.800000,0.000000,70,75,82,93,110,130,180,290,5987,0,64,79.1064570921915,41.72860499966191,940.6747720004205,80498.81543343911
1738153514,500,grpc,/company.v1.UserService/GetUserStatistics,42.200000,0.000000,14,15,18,24,38,59,83,92,6062,0,14,27.533752976881892,8.481065000523813,507.85044800068135,1109.6766743648961
1738153514,500,grpc,/company.v1.UserService/GetUserPermissions,121.100000,0.000000,15,18,22,31,45,62,85,120,17466,0,15,29.94608577229721,4.35378799920727,541.9011289995979,1646.5141990152297
1738153514,500,grpc,/company.v1.UserService/GetUserDetails,40.700000,0.000000,13,15,18,24,44,57,100,110,6142,0,13,32.507958885706095,6.5534840014152,528.5414310001215,259.6061543471182
1738153514,500,,Aggregated,244.800000,0.000000,17,22,34,55,72,87,120,290,35657,0,17,38.23154462606947,4.35378799920727,940.6747720004205,14556.069944190482
1738153519,500,grpc,/company.v1.UserService/GetUsers,40.600000,0.000000,67,71,76,85,100,120,150,160,6178,0,64,78.8209850647378,41.72860499966191,940.6747720004205,80499.05649077371
1738153519,500,grpc,/company.v1.UserService/GetUserStatistics,40.400000,0.000000,14,15,17,22,36,59,110,130,6268,0,14,27.294086469662112,8.481065000523813,507.85044800068135,1109.6853860880665
1738153519,500,grpc,/company.v1.UserService/GetUserPermissions,125.100000,0.000000,14,16,19,26,39,53,99,230,18062,0,15,29.613676504040416,4.35378799920727,541.9011289995979,1647.3801904550992
1738153519,500,grpc,/company.v1.UserService/GetUserDetails,40.800000,0.000000,12,14,16,22,37,55,110,120,6360,0,13,32.03208502814418,6.5534840014152,528.5414310001215,259.5253144654088
1738153519,500,,Aggregated,246.900000,0.000000,15,19,29,50,68,83,120,230,36868,0,17,37.882219418378185,4.35378799920727,940.6747720004205,14529.788461538461
1738153524,500,grpc,/company.v1.UserService/GetUsers,40.400000,0.000000,65,69,74,84,97,110,130,310,6402,0,64,78.5389770701285,41.72860499966191,940.6747720004205,80499.08184942206
1738153524,500,grpc,/company.v1.UserService/GetUserStatistics,41.100000,0.000000,14,15,19,23,35,47,110,130,6478,0,14,26.99118643051126,8.437674001470441,507.85044800068135,1109.6668724915098
1738153524,500,grpc,/company.v1.UserService/GetUserPermissions,122.500000,0.000000,15,16,20,25,37,50,98,230,18664,0,15,29.284384040505355,4.35378799920727,541.9011289995979,1647.4400450064295
1738153524,500,grpc,/company.v1.UserService/GetUserDetails,42.300000,0.000000,12,13,17,23,37,49,110,120,6567,0,13,31.56164704491775,6.5534840014152,528.5414310001215,259.5923557179839
1738153524,500,,Aggregated,246.300000,0.000000,16,20,29,50,66,81,110,310,38111,0,17,37.560927731515235,4.35378799920727,940.6747720004205,14562.62254991997
1738153529,500,grpc,/company.v1.UserService/GetUsers,42.500000,0.000000,63,67,71,77,93,110,130,310,6598,0,64,78.19345888662632,41.72860499966191,940.6747720004205,80499.06001818733
1738153529,500,grpc,/company.v1.UserService/GetUserStatistics,41.700000,0.000000,14,15,17,21,27,34,58,72,6673,0,14,26.689204775790635,8.437674001470441,507.85044800068135,1109.6779559418553
1738153529,500,grpc,/company.v1.UserService/GetUserPermissions,121.000000,0.000000,15,17,20,23,32,42,65,100,19305,0,15,28.89954914426337,4.35378799920727,541.9011289995979,1647.2488992488993
1738153529,500,grpc,/company.v1.UserService/GetUserDetails,40.200000,0.000000,12,13,16,21,31,38,53,68,6757,0,13,31.107410658276535,6.5534840014152,528.5414310001215,259.5959745449164
1738153529,500,,Aggregated,245.400000,0.000000,16,19,25,43,62,72,110,310,39333,0,17,37.17275761449136,4.35378799920727,940.6747720004205,14544.832812142477
